[{"model": "npc_generator.weaponproficiencylist", "pk": 4, "fields": {"char_list_name": "None"}}, {"model": "npc_generator.weaponproficiencylist", "pk": 5, "fields": {"char_list_name": "Simple"}}, {"model": "npc_generator.weaponproficiencylist", "pk": 6, "fields": {"char_list_name": "Martial"}}, {"model": "npc_generator.weaponproficiencylist", "pk": 7, "fields": {"char_list_name": "Bard"}}, {"model": "npc_generator.weaponproficiencylist", "pk": 8, "fields": {"char_list_name": "Druid"}}, {"model": "npc_generator.weaponproficiencylist", "pk": 9, "fields": {"char_list_name": "Monk"}}, {"model": "npc_generator.weaponproficiencylist", "pk": 10, "fields": {"char_list_name": "Rogue"}}, {"model": "npc_generator.weaponproficiencylist", "pk": 11, "fields": {"char_list_name": "Wizard"}}, {"model": "npc_generator.weapon", "pk": 1, "fields": {"weapon_name": "Dagger", "weapon_type": 0, "weapon_mel_range": 0, "weapon_damage": "1d4", "weapon_crit": "19-20/x2", "weapon_hands": 1, "weapon_range": 10}}, {"model": "npc_generator.weapon", "pk": 2, "fields": {"weapon_name": "Punch Dagger", "weapon_type": 0, "weapon_mel_range": 0, "weapon_damage": "1d4", "weapon_crit": "x3", "weapon_hands": 1, "weapon_range": 0}}, {"model": "npc_generator.weapon", "pk": 3, "fields": {"weapon_name": "Light mace", "weapon_type": 0, "weapon_mel_range": 0, "weapon_damage": "1d6", "weapon_crit": "x2", "weapon_hands": 1, "weapon_range": 0}}, {"model": "npc_generator.weapon", "pk": 4, "fields": {"weapon_name": "Sickle", "weapon_type": 0, "weapon_mel_range": 0, "weapon_damage": "1d6", "weapon_crit": "x2", "weapon_hands": 1, "weapon_range": 0}}, {"model": "npc_generator.weapon", "pk": 5, "fields": {"weapon_name": "Club", "weapon_type": 0, "weapon_mel_range": 0, "weapon_damage": "1d6", "weapon_crit": "x2", "weapon_hands": 1, "weapon_range": 10}}, {"model": "npc_generator.weapon", "pk": 6, "fields": {"weapon_name": "Heavy mace", "weapon_type": 0, "weapon_mel_range": 0, "weapon_damage": "1d8", "weapon_crit": "x2", "weapon_hands": 1, "weapon_range": 0}}, {"model": "npc_generator.weapon", "pk": 7, "fields": {"weapon_name": "Morningstar", "weapon_type": 0, "weapon_mel_range": 0, "weapon_damage": "1d8", "weapon_crit": "x2", "weapon_hands": 1, "weapon_range": 0}}, {"model": "npc_generator.weapon", "pk": 8, "fields": {"weapon_name": "Shortspear", "weapon_type": 0, "weapon_mel_range": 0, "weapon_damage": "1d6", "weapon_crit": "x2", "weapon_hands": 1, "weapon_range": 20}}, {"model": "npc_generator.weapon", "pk": 9, "fields": {"weapon_name": "Longspear", "weapon_type": 0, "weapon_mel_range": 0, "weapon_damage": "1d8", "weapon_crit": "x3", "weapon_hands": 2, "weapon_range": 0}}, {"model": "npc_generator.weapon", "pk": 10, "fields": {"weapon_name": "Spear", "weapon_type": 0, "weapon_mel_range": 0, "weapon_damage": "1d8", "weapon_crit": "x3", "weapon_hands": 2, "weapon_range": 20}}, {"model": "npc_generator.weapon", "pk": 11, "fields": {"weapon_name": "Heavy crossbow", "weapon_type": 0, "weapon_mel_range": 1, "weapon_damage": "1d10", "weapon_crit": "19-20/x2", "weapon_hands": 2, "weapon_range": 120}}, {"model": "npc_generator.weapon", "pk": 12, "fields": {"weapon_name": "Light crossbow", "weapon_type": 0, "weapon_mel_range": 1, "weapon_damage": "1d8", "weapon_crit": "19-20/x2", "weapon_hands": 2, "weapon_range": 80}}, {"model": "npc_generator.weapon", "pk": 13, "fields": {"weapon_name": "Quarterstaff", "weapon_type": 0, "weapon_mel_range": 0, "weapon_damage": "1d6/1d6", "weapon_crit": "x2", "weapon_hands": 2, "weapon_range": 0}}, {"model": "npc_generator.weapon", "pk": 14, "fields": {"weapon_name": "Light hammer", "weapon_type": 1, "weapon_mel_range": 0, "weapon_damage": "1d4", "weapon_crit": "x2", "weapon_hands": 1, "weapon_range": 0}}, {"model": "npc_generator.weapon", "pk": 15, "fields": {"weapon_name": "Handaxe", "weapon_type": 1, "weapon_mel_range": 0, "weapon_damage": "1d6", "weapon_crit": "x3", "weapon_hands": 1, "weapon_range": 0}}, {"model": "npc_generator.weapon", "pk": 16, "fields": {"weapon_name": "Kukri", "weapon_type": 1, "weapon_mel_range": 0, "weapon_damage": "1d4", "weapon_crit": "18-20/x2", "weapon_hands": 1, "weapon_range": 0}}, {"model": "npc_generator.weapon", "pk": 17, "fields": {"weapon_name": "Light pick", "weapon_type": 1, "weapon_mel_range": 0, "weapon_damage": "1d4", "weapon_crit": "x4", "weapon_hands": 1, "weapon_range": 0}}, {"model": "npc_generator.weapon", "pk": 18, "fields": {"weapon_name": "Sap", "weapon_type": 1, "weapon_mel_range": 0, "weapon_damage": "NL 1d6", "weapon_crit": "x2", "weapon_hands": 1, "weapon_range": 0}}, {"model": "npc_generator.weapon", "pk": 19, "fields": {"weapon_name": "Shortsword", "weapon_type": 1, "weapon_mel_range": 0, "weapon_damage": "1d6", "weapon_crit": "19-20/x2", "weapon_hands": 1, "weapon_range": 0}}, {"model": "npc_generator.weapon", "pk": 20, "fields": {"weapon_name": "Battleaxe", "weapon_type": 1, "weapon_mel_range": 0, "weapon_damage": "1d8", "weapon_crit": "x3", "weapon_hands": 1, "weapon_range": 0}}, {"model": "npc_generator.weapon", "pk": 21, "fields": {"weapon_name": "Flail", "weapon_type": 1, "weapon_mel_range": 0, "weapon_damage": "1d8", "weapon_crit": "x2", "weapon_hands": 1, "weapon_range": 0}}, {"model": "npc_generator.weapon", "pk": 22, "fields": {"weapon_name": "Longsword", "weapon_type": 1, "weapon_mel_range": 0, "weapon_damage": "1d8", "weapon_crit": "19-20/x2", "weapon_hands": 1, "weapon_range": 0}}, {"model": "npc_generator.weapon", "pk": 23, "fields": {"weapon_name": "Heavy pick", "weapon_type": 1, "weapon_mel_range": 0, "weapon_damage": "1d6", "weapon_crit": "x4", "weapon_hands": 1, "weapon_range": 0}}, {"model": "npc_generator.weapon", "pk": 24, "fields": {"weapon_name": "Rapier", "weapon_type": 1, "weapon_mel_range": 0, "weapon_damage": "1d6", "weapon_crit": "18-20/x2", "weapon_hands": 1, "weapon_range": 0}}, {"model": "npc_generator.weapon", "pk": 25, "fields": {"weapon_name": "Scimitar", "weapon_type": 1, "weapon_mel_range": 0, "weapon_damage": "1d6", "weapon_crit": "18-20/x2", "weapon_hands": 1, "weapon_range": 0}}, {"model": "npc_generator.weapon", "pk": 26, "fields": {"weapon_name": "Trident", "weapon_type": 1, "weapon_mel_range": 0, "weapon_damage": "1d8", "weapon_crit": "x2", "weapon_hands": 1, "weapon_range": 0}}, {"model": "npc_generator.weapon", "pk": 27, "fields": {"weapon_name": "Warhammer", "weapon_type": 1, "weapon_mel_range": 0, "weapon_damage": "1d8", "weapon_crit": "x3", "weapon_hands": 1, "weapon_range": 0}}, {"model": "npc_generator.weapon", "pk": 28, "fields": {"weapon_name": "Falchion", "weapon_type": 1, "weapon_mel_range": 0, "weapon_damage": "2d4", "weapon_crit": "18-20/x2", "weapon_hands": 2, "weapon_range": 0}}, {"model": "npc_generator.weapon", "pk": 29, "fields": {"weapon_name": "Glaive", "weapon_type": 1, "weapon_mel_range": 0, "weapon_damage": "1d10", "weapon_crit": "x3", "weapon_hands": 2, "weapon_range": 0}}, {"model": "npc_generator.weapon", "pk": 30, "fields": {"weapon_name": "Heavy flail", "weapon_type": 1, "weapon_mel_range": 0, "weapon_damage": "1d10", "weapon_crit": "19-20/x2", "weapon_hands": 2, "weapon_range": 0}}, {"model": "npc_generator.weapon", "pk": 31, "fields": {"weapon_name": "Greatsword", "weapon_type": 1, "weapon_mel_range": 0, "weapon_damage": "2d6", "weapon_crit": "19-20/x2", "weapon_hands": 2, "weapon_range": 0}}, {"model": "npc_generator.weapon", "pk": 32, "fields": {"weapon_name": "Guisarme", "weapon_type": 1, "weapon_mel_range": 0, "weapon_damage": "2d4", "weapon_crit": "x3", "weapon_hands": 2, "weapon_range": 0}}, {"model": "npc_generator.weapon", "pk": 33, "fields": {"weapon_name": "Halberd", "weapon_type": 1, "weapon_mel_range": 0, "weapon_damage": "1d10", "weapon_crit": "x3", "weapon_hands": 2, "weapon_range": 0}}, {"model": "npc_generator.weapon", "pk": 34, "fields": {"weapon_name": "Lance", "weapon_type": 1, "weapon_mel_range": 0, "weapon_damage": "1d8", "weapon_crit": "x3", "weapon_hands": 2, "weapon_range": 0}}, {"model": "npc_generator.weapon", "pk": 35, "fields": {"weapon_name": "Ranseur", "weapon_type": 1, "weapon_mel_range": 0, "weapon_damage": "2d4", "weapon_crit": "x3", "weapon_hands": 2, "weapon_range": 0}}, {"model": "npc_generator.weapon", "pk": 36, "fields": {"weapon_name": "Scythe", "weapon_type": 1, "weapon_mel_range": 0, "weapon_damage": "2d4", "weapon_crit": "x4", "weapon_hands": 2, "weapon_range": 0}}, {"model": "npc_generator.weapon", "pk": 37, "fields": {"weapon_name": "Kama", "weapon_type": 2, "weapon_mel_range": 0, "weapon_damage": "1d6", "weapon_crit": "x2", "weapon_hands": 1, "weapon_range": 0}}, {"model": "npc_generator.weapon", "pk": 38, "fields": {"weapon_name": "Nunchaku", "weapon_type": 2, "weapon_mel_range": 0, "weapon_damage": "1d6", "weapon_crit": "x2", "weapon_hands": 1, "weapon_range": 0}}, {"model": "npc_generator.weapon", "pk": 39, "fields": {"weapon_name": "Sai", "weapon_type": 2, "weapon_mel_range": 0, "weapon_damage": "1d4", "weapon_crit": "x2", "weapon_hands": 1, "weapon_range": 0}}, {"model": "npc_generator.weapon", "pk": 40, "fields": {"weapon_name": "Siangham", "weapon_type": 2, "weapon_mel_range": 0, "weapon_damage": "1d6", "weapon_crit": "x2", "weapon_hands": 1, "weapon_range": 0}}, {"model": "npc_generator.weapon", "pk": 41, "fields": {"weapon_name": "Whip", "weapon_type": 2, "weapon_mel_range": 0, "weapon_damage": "NL 1d3", "weapon_crit": "x2", "weapon_hands": 1, "weapon_range": 0}}, {"model": "npc_generator.weapon", "pk": 42, "fields": {"weapon_name": "Dart", "weapon_type": 0, "weapon_mel_range": 1, "weapon_damage": "1d4", "weapon_crit": "x2", "weapon_hands": 1, "weapon_range": 20}}, {"model": "npc_generator.weapon", "pk": 43, "fields": {"weapon_name": "Javelin", "weapon_type": 0, "weapon_mel_range": 1, "weapon_damage": "1d6", "weapon_crit": "x2", "weapon_hands": 1, "weapon_range": 30}}, {"model": "npc_generator.weapon", "pk": 44, "fields": {"weapon_name": "Sling", "weapon_type": 0, "weapon_mel_range": 1, "weapon_damage": "1d4", "weapon_crit": "x2", "weapon_hands": 1, "weapon_range": 50}}, {"model": "npc_generator.weapon", "pk": 45, "fields": {"weapon_name": "Longbow", "weapon_type": 1, "weapon_mel_range": 1, "weapon_damage": "1d8", "weapon_crit": "x3", "weapon_hands": 2, "weapon_range": 100}}, {"model": "npc_generator.weapon", "pk": 46, "fields": {"weapon_name": "Shortbow", "weapon_type": 1, "weapon_mel_range": 1, "weapon_damage": "1d6", "weapon_crit": "x3", "weapon_hands": 2, "weapon_range": 60}}, {"model": "npc_generator.weapon", "pk": 47, "fields": {"weapon_name": "Hand crossbow", "weapon_type": 2, "weapon_mel_range": 1, "weapon_damage": "1d4", "weapon_crit": "19-20/x2", "weapon_hands": 1, "weapon_range": 30}}, {"model": "npc_generator.weapon", "pk": 48, "fields": {"weapon_name": "Shuriken", "weapon_type": 2, "weapon_mel_range": 1, "weapon_damage": "1d2", "weapon_crit": "x2", "weapon_hands": 1, "weapon_range": 10}}, {"model": "npc_generator.listedweapon", "pk": 2, "fields": {"proficiency_list": 5, "weapon": 1, "w_list_name": "Dagger"}}, {"model": "npc_generator.listedweapon", "pk": 3, "fields": {"proficiency_list": 5, "weapon": 2, "w_list_name": "Punch dagger"}}, {"model": "npc_generator.listedweapon", "pk": 4, "fields": {"proficiency_list": 5, "weapon": 3, "w_list_name": "Light mace"}}, {"model": "npc_generator.listedweapon", "pk": 5, "fields": {"proficiency_list": 5, "weapon": 4, "w_list_name": "Sickle"}}, {"model": "npc_generator.listedweapon", "pk": 6, "fields": {"proficiency_list": 5, "weapon": 5, "w_list_name": "Club"}}, {"model": "npc_generator.listedweapon", "pk": 7, "fields": {"proficiency_list": 5, "weapon": 6, "w_list_name": "Heavy mace"}}, {"model": "npc_generator.listedweapon", "pk": 8, "fields": {"proficiency_list": 5, "weapon": 7, "w_list_name": "Morningstar"}}, {"model": "npc_generator.listedweapon", "pk": 9, "fields": {"proficiency_list": 5, "weapon": 8, "w_list_name": "Shortspear"}}, {"model": "npc_generator.listedweapon", "pk": 10, "fields": {"proficiency_list": 5, "weapon": 9, "w_list_name": "Longspear"}}, {"model": "npc_generator.listedweapon", "pk": 11, "fields": {"proficiency_list": 5, "weapon": 10, "w_list_name": "Spear"}}, {"model": "npc_generator.listedweapon", "pk": 12, "fields": {"proficiency_list": 5, "weapon": 11, "w_list_name": "Heavy crossbow"}}, {"model": "npc_generator.listedweapon", "pk": 13, "fields": {"proficiency_list": 5, "weapon": 12, "w_list_name": "Light crossbow"}}, {"model": "npc_generator.listedweapon", "pk": 14, "fields": {"proficiency_list": 5, "weapon": 13, "w_list_name": "Quarterstaff"}}, {"model": "npc_generator.listedweapon", "pk": 15, "fields": {"proficiency_list": 5, "weapon": 42, "w_list_name": "Dart"}}, {"model": "npc_generator.listedweapon", "pk": 16, "fields": {"proficiency_list": 5, "weapon": 43, "w_list_name": "Javelin"}}, {"model": "npc_generator.listedweapon", "pk": 17, "fields": {"proficiency_list": 5, "weapon": 44, "w_list_name": "Sling"}}, {"model": "npc_generator.listedweapon", "pk": 18, "fields": {"proficiency_list": 6, "weapon": 20, "w_list_name": "Battleaxe"}}, {"model": "npc_generator.listedweapon", "pk": 19, "fields": {"proficiency_list": 6, "weapon": 28, "w_list_name": "Falchion"}}, {"model": "npc_generator.listedweapon", "pk": 20, "fields": {"proficiency_list": 6, "weapon": 21, "w_list_name": "Flail"}}, {"model": "npc_generator.listedweapon", "pk": 21, "fields": {"proficiency_list": 6, "weapon": 29, "w_list_name": "Glaive"}}, {"model": "npc_generator.listedweapon", "pk": 22, "fields": {"proficiency_list": 6, "weapon": 31, "w_list_name": "Greatsword"}}, {"model": "npc_generator.listedweapon", "pk": 23, "fields": {"proficiency_list": 6, "weapon": 32, "w_list_name": "Guisarme"}}, {"model": "npc_generator.listedweapon", "pk": 24, "fields": {"proficiency_list": 6, "weapon": 33, "w_list_name": "Halberd"}}, {"model": "npc_generator.listedweapon", "pk": 25, "fields": {"proficiency_list": 6, "weapon": 15, "w_list_name": "Handaxe"}}, {"model": "npc_generator.listedweapon", "pk": 26, "fields": {"proficiency_list": 6, "weapon": 30, "w_list_name": "Heavy flail"}}, {"model": "npc_generator.listedweapon", "pk": 27, "fields": {"proficiency_list": 6, "weapon": 23, "w_list_name": "Heavy pick"}}, {"model": "npc_generator.listedweapon", "pk": 28, "fields": {"proficiency_list": 6, "weapon": 16, "w_list_name": "Kukri"}}, {"model": "npc_generator.listedweapon", "pk": 29, "fields": {"proficiency_list": 6, "weapon": 34, "w_list_name": "Lance"}}, {"model": "npc_generator.listedweapon", "pk": 30, "fields": {"proficiency_list": 6, "weapon": 14, "w_list_name": "Light hammer"}}, {"model": "npc_generator.listedweapon", "pk": 31, "fields": {"proficiency_list": 6, "weapon": 17, "w_list_name": "Light pick"}}, {"model": "npc_generator.listedweapon", "pk": 32, "fields": {"proficiency_list": 6, "weapon": 45, "w_list_name": "Longbow"}}, {"model": "npc_generator.listedweapon", "pk": 33, "fields": {"proficiency_list": 6, "weapon": 22, "w_list_name": "Longsword"}}, {"model": "npc_generator.listedweapon", "pk": 34, "fields": {"proficiency_list": 6, "weapon": 35, "w_list_name": "Ranseur"}}, {"model": "npc_generator.listedweapon", "pk": 35, "fields": {"proficiency_list": 6, "weapon": 24, "w_list_name": "Rapier"}}, {"model": "npc_generator.listedweapon", "pk": 36, "fields": {"proficiency_list": 6, "weapon": 18, "w_list_name": "Sap"}}, {"model": "npc_generator.listedweapon", "pk": 37, "fields": {"proficiency_list": 6, "weapon": 25, "w_list_name": "Scimitar"}}, {"model": "npc_generator.listedweapon", "pk": 38, "fields": {"proficiency_list": 6, "weapon": 36, "w_list_name": "Scythe"}}, {"model": "npc_generator.listedweapon", "pk": 39, "fields": {"proficiency_list": 6, "weapon": 46, "w_list_name": "Shortbow"}}, {"model": "npc_generator.listedweapon", "pk": 40, "fields": {"proficiency_list": 6, "weapon": 19, "w_list_name": "Shortsword"}}, {"model": "npc_generator.listedweapon", "pk": 41, "fields": {"proficiency_list": 6, "weapon": 26, "w_list_name": "Trident"}}, {"model": "npc_generator.listedweapon", "pk": 42, "fields": {"proficiency_list": 6, "weapon": 27, "w_list_name": "Warhammer"}}, {"model": "npc_generator.listedweapon", "pk": 43, "fields": {"proficiency_list": 7, "weapon": 22, "w_list_name": "Longsword"}}, {"model": "npc_generator.listedweapon", "pk": 44, "fields": {"proficiency_list": 7, "weapon": 24, "w_list_name": "Rapier"}}, {"model": "npc_generator.listedweapon", "pk": 45, "fields": {"proficiency_list": 7, "weapon": 19, "w_list_name": "Shortsword"}}, {"model": "npc_generator.listedweapon", "pk": 46, "fields": {"proficiency_list": 7, "weapon": 18, "w_list_name": "Sap"}}, {"model": "npc_generator.listedweapon", "pk": 47, "fields": {"proficiency_list": 7, "weapon": 41, "w_list_name": "Whip"}}, {"model": "npc_generator.listedweapon", "pk": 48, "fields": {"proficiency_list": 7, "weapon": 46, "w_list_name": "Shortbow"}}, {"model": "npc_generator.listedweapon", "pk": 49, "fields": {"proficiency_list": 7, "weapon": 5, "w_list_name": "Club"}}, {"model": "npc_generator.listedweapon", "pk": 50, "fields": {"proficiency_list": 7, "weapon": 1, "w_list_name": "Dagger"}}, {"model": "npc_generator.listedweapon", "pk": 51, "fields": {"proficiency_list": 7, "weapon": 42, "w_list_name": "Dart"}}, {"model": "npc_generator.listedweapon", "pk": 52, "fields": {"proficiency_list": 7, "weapon": 11, "w_list_name": "Heavy Crossbow"}}, {"model": "npc_generator.listedweapon", "pk": 53, "fields": {"proficiency_list": 7, "weapon": 6, "w_list_name": "Heavy mace"}}, {"model": "npc_generator.listedweapon", "pk": 54, "fields": {"proficiency_list": 7, "weapon": 43, "w_list_name": "Javelin"}}, {"model": "npc_generator.listedweapon", "pk": 55, "fields": {"proficiency_list": 7, "weapon": 12, "w_list_name": "Light crossbow"}}, {"model": "npc_generator.listedweapon", "pk": 56, "fields": {"proficiency_list": 7, "weapon": 3, "w_list_name": "Light mace"}}, {"model": "npc_generator.listedweapon", "pk": 57, "fields": {"proficiency_list": 7, "weapon": 9, "w_list_name": "Longspear"}}, {"model": "npc_generator.listedweapon", "pk": 58, "fields": {"proficiency_list": 7, "weapon": 7, "w_list_name": "Morningstart"}}, {"model": "npc_generator.listedweapon", "pk": 59, "fields": {"proficiency_list": 7, "weapon": 2, "w_list_name": "Punch dagger"}}, {"model": "npc_generator.listedweapon", "pk": 60, "fields": {"proficiency_list": 7, "weapon": 13, "w_list_name": "Quarterstaff"}}, {"model": "npc_generator.listedweapon", "pk": 61, "fields": {"proficiency_list": 7, "weapon": 8, "w_list_name": "Shortspear"}}, {"model": "npc_generator.listedweapon", "pk": 62, "fields": {"proficiency_list": 7, "weapon": 4, "w_list_name": "Sickle"}}, {"model": "npc_generator.listedweapon", "pk": 63, "fields": {"proficiency_list": 7, "weapon": 44, "w_list_name": "Sling"}}, {"model": "npc_generator.listedweapon", "pk": 64, "fields": {"proficiency_list": 7, "weapon": 10, "w_list_name": "Spear"}}, {"model": "npc_generator.listedweapon", "pk": 65, "fields": {"proficiency_list": 8, "weapon": 5, "w_list_name": "Club"}}, {"model": "npc_generator.listedweapon", "pk": 66, "fields": {"proficiency_list": 8, "weapon": 1, "w_list_name": "Dagger"}}, {"model": "npc_generator.listedweapon", "pk": 67, "fields": {"proficiency_list": 8, "weapon": 13, "w_list_name": "Quarterstaff"}}, {"model": "npc_generator.listedweapon", "pk": 68, "fields": {"proficiency_list": 8, "weapon": 25, "w_list_name": "Scimitar"}}, {"model": "npc_generator.listedweapon", "pk": 69, "fields": {"proficiency_list": 8, "weapon": 4, "w_list_name": "Sickle"}}, {"model": "npc_generator.listedweapon", "pk": 70, "fields": {"proficiency_list": 8, "weapon": 8, "w_list_name": "Shortspear"}}, {"model": "npc_generator.listedweapon", "pk": 71, "fields": {"proficiency_list": 8, "weapon": 10, "w_list_name": "Spear"}}, {"model": "npc_generator.listedweapon", "pk": 72, "fields": {"proficiency_list": 8, "weapon": 42, "w_list_name": "Dart"}}, {"model": "npc_generator.listedweapon", "pk": 73, "fields": {"proficiency_list": 8, "weapon": 44, "w_list_name": "Sling"}}, {"model": "npc_generator.listedweapon", "pk": 74, "fields": {"proficiency_list": 9, "weapon": 5, "w_list_name": "Club"}}, {"model": "npc_generator.listedweapon", "pk": 75, "fields": {"proficiency_list": 9, "weapon": 1, "w_list_name": "Dagger"}}, {"model": "npc_generator.listedweapon", "pk": 76, "fields": {"proficiency_list": 9, "weapon": 15, "w_list_name": "Handaxe"}}, {"model": "npc_generator.listedweapon", "pk": 77, "fields": {"proficiency_list": 9, "weapon": 37, "w_list_name": "Kama"}}, {"model": "npc_generator.listedweapon", "pk": 78, "fields": {"proficiency_list": 9, "weapon": 38, "w_list_name": "Nunchaku"}}, {"model": "npc_generator.listedweapon", "pk": 79, "fields": {"proficiency_list": 9, "weapon": 13, "w_list_name": "Quarterstaff"}}, {"model": "npc_generator.listedweapon", "pk": 80, "fields": {"proficiency_list": 9, "weapon": 39, "w_list_name": "Sai"}}, {"model": "npc_generator.listedweapon", "pk": 81, "fields": {"proficiency_list": 9, "weapon": 40, "w_list_name": "Siangham"}}, {"model": "npc_generator.listedweapon", "pk": 82, "fields": {"proficiency_list": 9, "weapon": 12, "w_list_name": "Light crossbow"}}, {"model": "npc_generator.listedweapon", "pk": 83, "fields": {"proficiency_list": 9, "weapon": 11, "w_list_name": "Heavy crossbow"}}, {"model": "npc_generator.listedweapon", "pk": 84, "fields": {"proficiency_list": 9, "weapon": 43, "w_list_name": "Javelin"}}, {"model": "npc_generator.listedweapon", "pk": 85, "fields": {"proficiency_list": 9, "weapon": 48, "w_list_name": "Shuriken"}}, {"model": "npc_generator.listedweapon", "pk": 86, "fields": {"proficiency_list": 9, "weapon": 44, "w_list_name": "Sling"}}, {"model": "npc_generator.listedweapon", "pk": 87, "fields": {"proficiency_list": 10, "weapon": 5, "w_list_name": "Club"}}, {"model": "npc_generator.listedweapon", "pk": 88, "fields": {"proficiency_list": 10, "weapon": 1, "w_list_name": "Dagger"}}, {"model": "npc_generator.listedweapon", "pk": 89, "fields": {"proficiency_list": 10, "weapon": 42, "w_list_name": "Dart"}}, {"model": "npc_generator.listedweapon", "pk": 90, "fields": {"proficiency_list": 10, "weapon": 11, "w_list_name": "Heavy crossbow"}}, {"model": "npc_generator.listedweapon", "pk": 91, "fields": {"proficiency_list": 10, "weapon": 6, "w_list_name": "Heavy mace"}}, {"model": "npc_generator.listedweapon", "pk": 92, "fields": {"proficiency_list": 10, "weapon": 43, "w_list_name": "Javelin"}}, {"model": "npc_generator.listedweapon", "pk": 93, "fields": {"proficiency_list": 10, "weapon": 12, "w_list_name": "Light crossbow"}}, {"model": "npc_generator.listedweapon", "pk": 94, "fields": {"proficiency_list": 10, "weapon": 3, "w_list_name": "Light mace"}}, {"model": "npc_generator.listedweapon", "pk": 95, "fields": {"proficiency_list": 10, "weapon": 9, "w_list_name": "Longspear"}}, {"model": "npc_generator.listedweapon", "pk": 96, "fields": {"proficiency_list": 10, "weapon": 7, "w_list_name": "Morningstar"}}, {"model": "npc_generator.listedweapon", "pk": 97, "fields": {"proficiency_list": 10, "weapon": 2, "w_list_name": "Punch dagger"}}, {"model": "npc_generator.listedweapon", "pk": 98, "fields": {"proficiency_list": 10, "weapon": 13, "w_list_name": "Quarterstaff"}}, {"model": "npc_generator.listedweapon", "pk": 99, "fields": {"proficiency_list": 10, "weapon": 8, "w_list_name": "Shortspear"}}, {"model": "npc_generator.listedweapon", "pk": 100, "fields": {"proficiency_list": 10, "weapon": 4, "w_list_name": "Sickle"}}, {"model": "npc_generator.listedweapon", "pk": 101, "fields": {"proficiency_list": 10, "weapon": 44, "w_list_name": "Sling"}}, {"model": "npc_generator.listedweapon", "pk": 102, "fields": {"proficiency_list": 10, "weapon": 10, "w_list_name": "Spear"}}, {"model": "npc_generator.listedweapon", "pk": 103, "fields": {"proficiency_list": 10, "weapon": 24, "w_list_name": "Rapier"}}, {"model": "npc_generator.listedweapon", "pk": 104, "fields": {"proficiency_list": 10, "weapon": 18, "w_list_name": "Sap"}}, {"model": "npc_generator.listedweapon", "pk": 105, "fields": {"proficiency_list": 10, "weapon": 19, "w_list_name": "Shortsword"}}, {"model": "npc_generator.listedweapon", "pk": 106, "fields": {"proficiency_list": 10, "weapon": 47, "w_list_name": "Hand crossbow"}}, {"model": "npc_generator.listedweapon", "pk": 107, "fields": {"proficiency_list": 10, "weapon": 46, "w_list_name": "Shortbow"}}, {"model": "npc_generator.listedweapon", "pk": 108, "fields": {"proficiency_list": 11, "weapon": 5, "w_list_name": "Club"}}, {"model": "npc_generator.listedweapon", "pk": 109, "fields": {"proficiency_list": 11, "weapon": 1, "w_list_name": "Dagger"}}, {"model": "npc_generator.listedweapon", "pk": 110, "fields": {"proficiency_list": 11, "weapon": 13, "w_list_name": "Quarterstaff"}}, {"model": "npc_generator.listedweapon", "pk": 111, "fields": {"proficiency_list": 11, "weapon": 12, "w_list_name": "Light crossbow"}}, {"model": "npc_generator.listedweapon", "pk": 112, "fields": {"proficiency_list": 11, "weapon": 11, "w_list_name": "Heavy crossbow"}}, {"model": "npc_generator.armourproficiencylist", "pk": 3, "fields": {"armour_list_name": "None"}}, {"model": "npc_generator.armourproficiencylist", "pk": 4, "fields": {"armour_list_name": "Light"}}, {"model": "npc_generator.armourproficiencylist", "pk": 5, "fields": {"armour_list_name": "Medium"}}, {"model": "npc_generator.armourproficiencylist", "pk": 6, "fields": {"armour_list_name": "Heavy"}}, {"model": "npc_generator.armourproficiencylist", "pk": 7, "fields": {"armour_list_name": "Druid"}}, {"model": "npc_generator.armour", "pk": 1, "fields": {"armour_name": "Padded armour", "armour_type": 0, "armour_ac": 1, "armour_max_dex": 8}}, {"model": "npc_generator.armour", "pk": 2, "fields": {"armour_name": "Leather armour", "armour_type": 0, "armour_ac": 2, "armour_max_dex": 6}}, {"model": "npc_generator.armour", "pk": 3, "fields": {"armour_name": "Studded Leather", "armour_type": 0, "armour_ac": 3, "armour_max_dex": 5}}, {"model": "npc_generator.armour", "pk": 4, "fields": {"armour_name": "Chain shirt", "armour_type": 0, "armour_ac": 4, "armour_max_dex": 4}}, {"model": "npc_generator.armour", "pk": 5, "fields": {"armour_name": "Hide armour", "armour_type": 1, "armour_ac": 3, "armour_max_dex": 4}}, {"model": "npc_generator.armour", "pk": 6, "fields": {"armour_name": "Scalemail", "armour_type": 1, "armour_ac": 4, "armour_max_dex": 3}}, {"model": "npc_generator.armour", "pk": 7, "fields": {"armour_name": "Chainmail", "armour_type": 1, "armour_ac": 5, "armour_max_dex": 2}}, {"model": "npc_generator.armour", "pk": 8, "fields": {"armour_name": "Breastplate", "armour_type": 1, "armour_ac": 5, "armour_max_dex": 3}}, {"model": "npc_generator.armour", "pk": 9, "fields": {"armour_name": "Splintmail", "armour_type": 2, "armour_ac": 6, "armour_max_dex": 0}}, {"model": "npc_generator.armour", "pk": 10, "fields": {"armour_name": "Banded mail", "armour_type": 2, "armour_ac": 7, "armour_max_dex": 0}}, {"model": "npc_generator.armour", "pk": 11, "fields": {"armour_name": "Full-plate", "armour_type": 2, "armour_ac": 8, "armour_max_dex": 1}}, {"model": "npc_generator.armour", "pk": 12, "fields": {"armour_name": "Half-plate", "armour_type": 2, "armour_ac": 7, "armour_max_dex": 0}}, {"model": "npc_generator.listedarmour", "pk": 1, "fields": {"proficiency_list": 4, "armour": 4, "a_list_name": "Chain shirt"}}, {"model": "npc_generator.listedarmour", "pk": 2, "fields": {"proficiency_list": 4, "armour": 3, "a_list_name": "Studded leather"}}, {"model": "npc_generator.listedarmour", "pk": 3, "fields": {"proficiency_list": 4, "armour": 2, "a_list_name": "Leather armour"}}, {"model": "npc_generator.listedarmour", "pk": 4, "fields": {"proficiency_list": 4, "armour": 1, "a_list_name": "Padded armour"}}, {"model": "npc_generator.listedarmour", "pk": 5, "fields": {"proficiency_list": 5, "armour": 8, "a_list_name": "Breastplate"}}, {"model": "npc_generator.listedarmour", "pk": 6, "fields": {"proficiency_list": 5, "armour": 7, "a_list_name": "Chainmail"}}, {"model": "npc_generator.listedarmour", "pk": 7, "fields": {"proficiency_list": 5, "armour": 6, "a_list_name": "Scalemail"}}, {"model": "npc_generator.listedarmour", "pk": 8, "fields": {"proficiency_list": 5, "armour": 5, "a_list_name": "Hide armour"}}, {"model": "npc_generator.listedarmour", "pk": 9, "fields": {"proficiency_list": 6, "armour": 12, "a_list_name": "Half-plate"}}, {"model": "npc_generator.listedarmour", "pk": 10, "fields": {"proficiency_list": 6, "armour": 11, "a_list_name": "Full-plate"}}, {"model": "npc_generator.listedarmour", "pk": 11, "fields": {"proficiency_list": 6, "armour": 10, "a_list_name": "Banded mail"}}, {"model": "npc_generator.listedarmour", "pk": 12, "fields": {"proficiency_list": 6, "armour": 9, "a_list_name": "Splintmail"}}, {"model": "npc_generator.listedarmour", "pk": 13, "fields": {"proficiency_list": 7, "armour": 1, "a_list_name": "Padded armour"}}, {"model": "npc_generator.listedarmour", "pk": 14, "fields": {"proficiency_list": 7, "armour": 2, "a_list_name": "Leather armour"}}, {"model": "npc_generator.listedarmour", "pk": 15, "fields": {"proficiency_list": 7, "armour": 5, "a_list_name": "Hide armour"}}, {"model": "npc_generator.charclass", "pk": 17, "fields": {"name": "Adept", "hit_dice": 6, "base_attack": 0.5, "fort_save_ratio": "poor", "reflex_save_ratio": "poor", "will_save_ratio": "poor", "primary_ability": 1, "secondary_ability": 2, "tertiary_ability": 3, "weapon_proficiencies": 5, "armour_proficiencies": 3}}, {"model": "npc_generator.charclass", "pk": 18, "fields": {"name": "Aristocrat", "hit_dice": 8, "base_attack": 0.67, "fort_save_ratio": "poor", "reflex_save_ratio": "poor", "will_save_ratio": "good", "primary_ability": 2, "secondary_ability": 4, "tertiary_ability": 3, "weapon_proficiencies": 6, "armour_proficiencies": 6}}, {"model": "npc_generator.charclass", "pk": 19, "fields": {"name": "Barbarian", "hit_dice": 12, "base_attack": 1.0, "fort_save_ratio": "good", "reflex_save_ratio": "poor", "will_save_ratio": "poor", "primary_ability": 1, "secondary_ability": 2, "tertiary_ability": 3, "weapon_proficiencies": 6, "armour_proficiencies": 5}}, {"model": "npc_generator.charclass", "pk": 20, "fields": {"name": "Bard", "hit_dice": 6, "base_attack": 0.67, "fort_save_ratio": "poor", "reflex_save_ratio": "good", "will_save_ratio": "good", "primary_ability": 6, "secondary_ability": 4, "tertiary_ability": 2, "weapon_proficiencies": 7, "armour_proficiencies": 4}}, {"model": "npc_generator.charclass", "pk": 21, "fields": {"name": "Cleric", "hit_dice": 8, "base_attack": 0.67, "fort_save_ratio": "good", "reflex_save_ratio": "poor", "will_save_ratio": "good", "primary_ability": 5, "secondary_ability": 3, "tertiary_ability": 1, "weapon_proficiencies": 5, "armour_proficiencies": 6}}, {"model": "npc_generator.charclass", "pk": 22, "fields": {"name": "Druid", "hit_dice": 8, "base_attack": 0.67, "fort_save_ratio": "good", "reflex_save_ratio": "poor", "will_save_ratio": "good", "primary_ability": 5, "secondary_ability": 2, "tertiary_ability": 3, "weapon_proficiencies": 8, "armour_proficiencies": 7}}, {"model": "npc_generator.charclass", "pk": 23, "fields": {"name": "Commoner", "hit_dice": 4, "base_attack": 0.5, "fort_save_ratio": "poor", "reflex_save_ratio": "poor", "will_save_ratio": "poor", "primary_ability": 1, "secondary_ability": 3, "tertiary_ability": 2, "weapon_proficiencies": 5, "armour_proficiencies": 3}}, {"model": "npc_generator.charclass", "pk": 24, "fields": {"name": "Expert", "hit_dice": 6, "base_attack": 0.67, "fort_save_ratio": "poor", "reflex_save_ratio": "poor", "will_save_ratio": "good", "primary_ability": 2, "secondary_ability": 4, "tertiary_ability": 3, "weapon_proficiencies": 5, "armour_proficiencies": 4}}, {"model": "npc_generator.charclass", "pk": 25, "fields": {"name": "Fighter", "hit_dice": 10, "base_attack": 1.0, "fort_save_ratio": "good", "reflex_save_ratio": "poor", "will_save_ratio": "poor", "primary_ability": 1, "secondary_ability": 3, "tertiary_ability": 2, "weapon_proficiencies": 6, "armour_proficiencies": 6}}, {"model": "npc_generator.charclass", "pk": 26, "fields": {"name": "Monk", "hit_dice": 8, "base_attack": 0.67, "fort_save_ratio": "good", "reflex_save_ratio": "good", "will_save_ratio": "good", "primary_ability": 5, "secondary_ability": 1, "tertiary_ability": 2, "weapon_proficiencies": 9, "armour_proficiencies": 3}}, {"model": "npc_generator.charclass", "pk": 27, "fields": {"name": "Paladin", "hit_dice": 10, "base_attack": 1.0, "fort_save_ratio": "good", "reflex_save_ratio": "poor", "will_save_ratio": "poor", "primary_ability": 6, "secondary_ability": 1, "tertiary_ability": 5, "weapon_proficiencies": 6, "armour_proficiencies": 6}}, {"model": "npc_generator.charclass", "pk": 28, "fields": {"name": "Ranger", "hit_dice": 8, "base_attack": 1.0, "fort_save_ratio": "good", "reflex_save_ratio": "good", "will_save_ratio": "poor", "primary_ability": 2, "secondary_ability": 1, "tertiary_ability": 3, "weapon_proficiencies": 6, "armour_proficiencies": 4}}, {"model": "npc_generator.charclass", "pk": 29, "fields": {"name": "Rogue", "hit_dice": 6, "base_attack": 0.67, "fort_save_ratio": "poor", "reflex_save_ratio": "good", "will_save_ratio": "poor", "primary_ability": 2, "secondary_ability": 4, "tertiary_ability": 3, "weapon_proficiencies": 10, "armour_proficiencies": 4}}, {"model": "npc_generator.charclass", "pk": 30, "fields": {"name": "Sorcerer", "hit_dice": 4, "base_attack": 0.5, "fort_save_ratio": "poor", "reflex_save_ratio": "poor", "will_save_ratio": "good", "primary_ability": 6, "secondary_ability": 2, "tertiary_ability": 3, "weapon_proficiencies": 5, "armour_proficiencies": 3}}, {"model": "npc_generator.charclass", "pk": 31, "fields": {"name": "Warrior", "hit_dice": 8, "base_attack": 1.0, "fort_save_ratio": "good", "reflex_save_ratio": "poor", "will_save_ratio": "poor", "primary_ability": 1, "secondary_ability": 3, "tertiary_ability": 2, "weapon_proficiencies": 6, "armour_proficiencies": 6}}, {"model": "npc_generator.charclass", "pk": 32, "fields": {"name": "Wizard", "hit_dice": 4, "base_attack": 0.5, "fort_save_ratio": "poor", "reflex_save_ratio": "poor", "will_save_ratio": "good", "primary_ability": 4, "secondary_ability": 2, "tertiary_ability": 3, "weapon_proficiencies": 11, "armour_proficiencies": 3}}]